<?xml version="1.0" encoding="UTF-8"?>
<?xml-stylesheet type="text/xsl" href="G:\Impel\Nimas\NIMAS_Project\NIMAS_Project\CL-NIMAS-dtbook-2005-3_Newpx.xsl"?>
<!--<!DOCTYPE dtbook PUBLIC "-//NISO//DTD dtbook 2005-3//EN" "http://www.daisy.org/z3986/2005/dtbook-2005-3.dtd">--> 
<dtbook>
<head/>
<book>
<bodymatter>
<level1 class="document">
<pagenum id="pa-21" page="normal">A-21</pagenum>
<h1><strong>Practice Material for the AP<sup>&#x00AE;</sup> United States History Examination</strong></h1>
<level2 class="section" id="doc_sec001">
<h2><strong>Document-Based Questions (DBQs)</strong></h2>
<list type="pl" depth="1">
<li><strong>Document-Based Question 1&#x2026;&#x2026;&#x2026;&#x2026;&#x2026;&#x2026;&#x2026;&#x2026;&#x2026;&#x2026;&#x2026;&#x2026;&#x2026;&#x2026;&#x2026; . A-23</strong></li>
<li><strong>Document-Based Question 2&#x2026;&#x2026;&#x2026;&#x2026;&#x2026;&#x2026;&#x2026;&#x2026;&#x2026;&#x2026;&#x2026;&#x2026;&#x2026;&#x2026;&#x2026; .A&#8211;26</strong></li>
<li><strong>Document-Based Question 3&#x2026;&#x2026;&#x2026;&#x2026;&#x2026;&#x2026;&#x2026;&#x2026;&#x2026;&#x2026;&#x2026;&#x2026;&#x2026;&#x2026;&#x2026; .A&#8211;29</strong></li>
<li><strong>Document-Based Question 4&#x2026;&#x2026;&#x2026;&#x2026;&#x2026;&#x2026;&#x2026;&#x2026;&#x2026;&#x2026;&#x2026;&#x2026;&#x2026;&#x2026;&#x2026;A&#8211;32</strong></li>
<li><strong>Document-Based Question 5&#x2026;&#x2026;&#x2026;&#x2026;&#x2026;&#x2026;&#x2026;&#x2026;&#x2026;&#x2026;&#x2026;&#x2026;&#x2026;&#x2026;&#x2026; A&#8211;35</strong></li>
<li><strong>Document-Based Question 6&#x2026;&#x2026;&#x2026;&#x2026;&#x2026;&#x2026;&#x2026;&#x2026;&#x2026;&#x2026;&#x2026;&#x2026;&#x2026;&#x2026;&#x2026;A&#8211;38</strong></li>
<li><strong>Document-Based Question 7&#x2026;&#x2026;&#x2026;&#x2026;&#x2026;&#x2026;&#x2026;&#x2026;&#x2026;&#x2026;&#x2026;&#x2026;&#x2026;&#x2026;&#x2026; A&#8211;41</strong></li>
<li><strong>Document-Based Question 8&#x2026;&#x2026;&#x2026;&#x2026;&#x2026;&#x2026;&#x2026;&#x2026;&#x2026;&#x2026;&#x2026;&#x2026;&#x2026;&#x2026; . .  A&#8211;44</strong></li>
<li><strong>Document-Based Question 9&#x2026;&#x2026;&#x2026;&#x2026;&#x2026;&#x2026;&#x2026;&#x2026;&#x2026;&#x2026;&#x2026;&#x2026;&#x2026;&#x2026; . .  A&#8211;47</strong></li>
<li><strong>Document-Based Question 10&#x2026;&#x2026;&#x2026;&#x2026;&#x2026;&#x2026;&#x2026;&#x2026;&#x2026;&#x2026;&#x2026;&#x2026;&#x2026;&#x2026; . .A&#8211;51</strong></li>
<li><strong>Document-Based Question 11&#x2026;&#x2026;&#x2026;&#x2026;&#x2026;&#x2026;&#x2026;&#x2026;&#x2026;&#x2026;&#x2026;&#x2026;&#x2026;&#x2026; . . A&#8211;54</strong></li>
<li><strong>Document-Based Question 12&#x2026;&#x2026;&#x2026;&#x2026;&#x2026;&#x2026;&#x2026;&#x2026;&#x2026;&#x2026;&#x2026;&#x2026;&#x2026;&#x2026; . .A&#8211;57</strong></li>
<li><strong>Document-Based Question 13&#x2026;&#x2026;&#x2026;&#x2026;&#x2026;&#x2026;&#x2026;&#x2026;&#x2026;&#x2026;&#x2026;&#x2026;&#x2026;&#x2026; .  A&#8211;59</strong></li>
<li><strong>Document-Based Question 14&#x2026;&#x2026;&#x2026;&#x2026;&#x2026;&#x2026;&#x2026;&#x2026;&#x2026;&#x2026;&#x2026;&#x2026;&#x2026;&#x2026; . .A&#8211;62</strong></li>
<li><strong>Document-Based Question 15&#x2026;&#x2026;&#x2026;&#x2026;&#x2026;&#x2026;&#x2026;&#x2026;&#x2026;&#x2026;&#x2026;&#x2026;&#x2026;&#x2026; .  A&#8211;65</strong></li>
<li><strong>Long Essay Questions &#x2026;&#x2026;&#x2026;&#x2026;&#x2026;&#x2026;&#x2026;&#x2026;&#x2026;&#x2026;&#x2026;&#x2026;&#x2026; . .A&#8211;69</strong></li>
</list>
</level2>
<level2 class="section" id="doc_sec002">
<pagenum id="pa-22" page="normal">A-22</pagenum>
<h2><strong>DOCUMENT-BASED QUESTIONS (DBQs)</strong></h2>
<p><strong>Directions on answering Document-Based Questions:</strong> The following questions are based on accompanying documents that have been edited for the purpose of this exercise. The document-based questions are designed to test your ability to apply several historical disciplinary practices and reasoning skills simultaneously. Each will have one of the following AP<sup>&#x00AE;</sup> History Disciplinary Practices and Reasoning Skills as its main focus&#8212;<strong>causation, continuity and change over time, comparison</strong>&#8212;and will always assess the AP History Disciplinary Practices and Reasoning Skills of <strong>argument development, analyzing historical evidence, and contextualization</strong>. Your response should be based on an analysis of the documents and your knowledge of the topic. You are advised to spend 15 minutes reading the documents and 45 minutes writing your response.</p>
<p>In your response you should do the following.</p>
<list type="ul" depth="1">
<p>___________________________________________________________________________________________________</p>
<li><strong> Thesis/Claim:</strong> Presents a thesis that makes a historically defensible claim that establishes a line of reasoning and responds to the prompt rather than restating or rephrasing the prompt. The thesis must consist of one or more sentences located in one place, either in the introduction or the conclusion.</li>
<p>___________________________________________________________________________________________________</p>
<li><strong>Argument Development:</strong> Demonstrates a complex understanding of the historical development that is the focus of the prompt, using evidence to corroborate, qualify, or modify an argument that addresses the question. This understanding must be part of the argument, not merely a phrase or reference.</li>
<p>___________________________________________________________________________________________________</p>
<li><strong>Use of the Documents:</strong> Uses the content of at least three of the documents to address the topic of the prompt. The response must accurately describe, rather than simply quote, the content from at least three of the documents.</li>
<p>___________________________________________________________________________________________________</p>
<li><strong>Supporting the Argument with Documents:</strong> Supports an argument in response to the prompt using at least six documents. The response must accurately describe, rather than simply quote, the content from at least six documents. The response must use the content of the documents to support an argument in response to the prompt.</li>
<p>___________________________________________________________________________________________________</p>
<li><strong>Contextualization:</strong> Describes a broader historical context relevant to the prompt. The response must relate the topic of the prompt to broader historical events, developments, or processes that occur before, during, or after the time frame of the question. The point is not awarded for merely a phrase or reference.</li>
<li><strong>Outside Evidence:</strong> Uses at least one additional piece of specific historical evidence (beyond that found in the documents) relevant to the argument in the prompt. The response must describe the evidence and must use more than a phrase or reference. This additional piece of evidence must be different from the evidence used to earn the contextualization point.</li>
<p>___________________________________________________________________________________________________</p>
<li><strong>Sourcing the Documents:</strong> Explains how or why (rather than simply identifying) at least three of the documents&#8217;s point of view, purpose, historical situation, or audience is relevant to an argument about the prompt for at least three of the documents sourced.</li>
</list>
<level3 class="section" id="doc_sec001">
<pagenum id="pa-23" page="normal">A-23</pagenum>
<h3><strong>DBQ 1</strong></h3>
<p><strong>Directions:</strong> Question 1 is based on the accompanying documents. The documents have been edited for the purpose of this exercise.</p>
<p><strong>Compare the technological and cultural differences of Americans and Europeans in the period 1491&#8211;1607.</strong></p>
<sidebar render="required">
<hd><strong>Document 1</strong></hd>
<br/>Source: Paleo-Indian Spear Points
<imggroup>
<img id="pA-23-001" src="./images/U01C01/pA-23-001.jpg" alt=""/>
<caption imgref="pA-23-001">&#x00A9; Werner Forman/Universal Image Group/Getty Images</caption>
<prodnote render="required"/>
<prodnote render="required"/>
</imggroup>
</sidebar>
<sidebar render="required">
<hd><strong>Document 2</strong></hd>
<br/>Source: 16th Century Spanish Astrolabe
<imggroup>
<img id="pA-23-002" src="./images/U01C01/pA-23-002.jpg" alt=""/>
<caption imgref="pA-23-002">&#x00A9; Album/Art Resource, NY</caption>
<prodnote render="required"/>
<prodnote render="required"/>
</imggroup>
</sidebar>
<pagenum id="pa-24" page="normal">A-24</pagenum>
<sidebar render="required">
<hd><strong>Document 3</strong></hd>
<p>Source:  Bartolom&#x00E9; de Las Casas, <em>In Defense of the Indians: The Defense of the Most Reverend Lord, Don Fray Bartolome de las Casas, of the Order of Preachers, Late Bishop of Chiapa, Against the Persecutors and Slanderers of the Peoples of the New World Discovered Across the Seas,</em> translated, edited, and annotated by Stafford Poole (DeKalb, Northern Illinois University Press, &#x00A9; 1974).</p>
<p>Who, therefore, except one who is irreverent toward God and contemptuous of nature, has dared to write that countless numbers of natives across the ocean are barbarous, savage, uncivilized, and slow witted when, if they are evaluated by an accurate judgment, they completely outnumber all other men?</p>
</sidebar>
<sidebar render="required">
<hd><strong>Document 4</strong></hd>
<p>Source: Privileges and Prerogatives Granted by Their Catholic Majesties to Christopher Columbus: 1492.</p>
<p>For as much of you, <em>Christopher Columbus</em>, are going by our command, with some of our vessels and men, to discover and subdue some Islands and Continent in the ocean, and it is hoped that by God&#8217;s assistance, some of the said Islands and Continent in the ocean will be discovered and conquered by your means and conduct, therefore it is but just and reasonable, that since you expose yourself to such danger to serve us, you should be rewarded for it. And we being willing to honour and favour You for the reasons aforesaid: Our will is, That you, <em>Christopher Columbus</em>, after discovering and conquering the said Islands and Continent in the said ocean, or any of them, shall be our Admiral of the said Islands and Continent you shall so discover and conquer; and that you be our Admiral, Vice-Roy, and Governour in them, and that for the future, you may call and stile yourself, D. <em>Christopher Columbus</em></p>
</sidebar>
<sidebar render="required">
<hd><strong>Document 5</strong></hd>
<br/>Source: Marketplace at Moundville (present-day Alabama)
<imggroup>
<img id="pA-24-001" src="./images/U01C01/pA-24-001.jpg" alt=""/>
<caption imgref="pA-24-001">&#x00A9; H.Tom Hall/National Geographic Stock</caption>
<prodnote render="required"/>
<prodnote render="required"/>
</imggroup>
</sidebar>
<pagenum id="pa-25" page="normal">A-25</pagenum>
<sidebar render="required">
<hd><strong>Document 6</strong></hd>
<p>Source: Coronado&#8217;s Report to the King of Spain, Sent from Tiguex [Albequerque, New Mexico] 
on October 20, 1541.</p>
<p>After nine days&#8217; march I reached some plains, so vast that I did not find their limit anywhere that I went, although I traveled over them for more than 300 leagues. And I found such a quantity of cows in these, of the kind that I wrote Your Majesty about, which they have in this country, that it is impossible to number them, for while I was journeying through these plains, until I returned to where I first found them, there was not a day that I lost sight of them. And after seventeen days&#8217; march I came to a settlement of Indians who are called Querechos [Apache], who travel around with these cows, who do not plant, and who eat the raw flesh and drink the blood of the cows they kill, and they tan the skins of the cows, with which all the people of this country dress themselves here.</p>
</sidebar>
<sidebar render="required">
<hd><strong>Document 7</strong></hd>
<p>Source: Speech by Powhatan, as recorded by John Smith, 1609.</p>
<p>Why will you take by force what you may obtain by love? Why will you destroy us who supply you with food? What can you get by war?&#x2026; We are unarmed, and willing to give you what you ask, if you come in a friendly manner.&#x2026;</p>
<p>I am not so simple as not to know it is better to eat good meat, sleep comfortably, live quietly with my women and children, laugh and be merry with the English, and being their friend, trade for their copper and hatchets, than to run away from them.&#x2026;</p>
<p>Take away your guns and swords, the cause of all our jealousy, or you may die in the same manner.</p>
</sidebar>
</level3>
<level3 class="section" id="doc_sec002">
<pagenum id="pa-26" page="normal">A-26</pagenum>
<h3><strong>DBQ 2</strong></h3>
<p><strong>Directions:</strong> Question 2 is based on the accompanying documents. The documents have been edited for the purpose of this exercise.</p>
<p><strong>Evaluate the extent to which governmental structures in American colonial society changed from 1607 to 1754.</strong></p>
<sidebar render="required">
<hd><strong>Document 1</strong></hd>
<p>Source: Bacon&#8217;s Declaration to the People, June 30, 1676.</p>
<p><em>The Declaration of the People, against Sr: Wm: Berkeley, and Present Governor&#8217;s of Virginia</em></p>
<p><em>For having upon specious Pretences of publick Works raised unjust Taxes [taxes were raised by the governor saying under the reasoning that public works cost money], upon the Commonaltie [common people], For advancing of Private Favourites. And other sinister Ends, but noe visibile Effect [taxpayers cannot see the public works], in any Measure adequate.</em></p>
<p><em>For having, Protected, favoured, and Emboldened, the Indians against his Maties: most Loyall Subjects; never Contriving, requiring, or appointing any due or proper Meanes of Satisfaction; for thiere many Incusrsions, Murthers [murders], and Robberies, Committed upon Us.</em></p>
</sidebar>
<sidebar render="required">
<hd><strong>Document 2</strong></hd>
<br/>Source: The Virginia House of Burgesses
<imggroup>
<img id="pA-26-001" src="./images/U01C01/pA-26-001.jpg" alt=""/>
<caption imgref="pA-26-001">&#x00A9; Library of Congress Prints and Photographs Division</caption>
<prodnote render="required"/>
<prodnote render="required"/>
</imggroup>
</sidebar>
<pagenum id="pa-27" page="normal">A-27</pagenum>
<sidebar render="required">
<hd><strong>Document 3</strong></hd>
<br/>Source: Roger Williams Banished from Massachusetts
<imggroup>
<img id="pA-27-001" src="./images/U01C01/pA-27-001.jpg" alt=""/>
<caption imgref="pA-27-001">Roger Williams Leaving Salem Under Obloquy (oil on canvas) , Brackner, H. (19th century)/The Heckscher Museum <br/>of Art, Huntington, NY, USA/August Heckscher Collection/Bridgeman Images</caption>
<prodnote render="required"/>
<prodnote render="required"/>
</imggroup>
</sidebar>
<sidebar render="required">
<hd><strong>Document 4</strong></hd>
<p>Source: Concessions to the Province of Pennsylvania, July 11, 1681.</p>
<p>VII. That, for every fifty acres, that shall be allotted to a servant, at the end of his service, his quit-rent shall be two shillings per annum, and the master, or owner of the servant, when he shall take up the other fifty acres, his quit-rent, shall be four shillings by the year, or, if the master of the servant (by reason in the indentures he is so obliged to do) allot out to the servant fifty acres in his own division, the said master shall have, on demand, allotted him, from the governor, the one hundred acres, at the chief rent of six shillings per annum.</p>
</sidebar>
<sidebar render="required">
<hd><strong>Document 5</strong></hd>
<p>Source: Commission of Sir Edmund Andros for the Dominion of New England, April 7, 1688.</p>
<p>And to execute martial law in time of invasion insurrection or war, and during the continuance of the same, and upon soldiers in pay, and to do and execute all and every other thing which to a Captain General doth or ought of right to belong, as fully and amply as any our Captain General doth or hath usually don.</p>
<p>And lastly, our will and pleasure is that you the said Sr Edmund Andros shall and may hold exercise and enjoy the office and place of Captain General and Governor in Cheif in and over our Territory and Dominion aforesaid, with all its rights members and appurtenances&#8217; [anything &#8220;extra&#8221; needed for a particular style of living] whatsoever, together with all and singular the powers and authorityes hereby granted unto you, for and during our will and pleasure.</p>
</sidebar>
<pagenum id="pa-28" page="normal">A-28</pagenum>
<sidebar render="required">
<hd><strong>Document 6</strong></hd>
<p>Source: <em>The United States of America: A Pictorial History of the American Nation from the Earliest Discoveries and Settlements to the Present Time,</em>1909.</p>
<p>But the enemies of the condemned men did not stop because of such refusal. At a grand dinner, they brought the governor under the influence of wine, and then had little trouble in leading him further. While he was in this drunken condition, the death warrants of Leisler and Milborne were placed before him, and, without realizing the fearful step he was taking, he affixed his signature. This was on the 16th of May, 1691. When the governor recovered his senses he found that both the prisoners had been hanged, and their bodies beheaded in the presence of a large crowd of people.</p>
</sidebar>
<sidebar render="required">
<hd><strong>Document 7</strong></hd>
<p>Source: Cotton Mather, The Wonders of the Invisible World, 1693</p>
<p>Wherefore The devil is now making one Attempt more upon us; an Attempt more Difficult, more Sur-prizing, more snarl&#8217;d with unintelligible Circumstances than any that we have hitherto Encountered. We have been advised by some Credible Christians yet alive, that a Malefactor, accused of Witchcraft as well as Murder, and Executed in this place more than Forty Years ago, did then give Notice of, An Horrible PLOT &amp; against the Country by WITCHCRAFT, and a Foundation of WITCHCRAFT then laid, which if it were not seasonably discovered, would probably Blow up, and pull down all the Churches in the Country.  And we have now with Horror seen the Discovery of such a WITCHCRAFT!</p>
</sidebar>
</level3>
<level3 class="section" id="doc_sec003">
<pagenum id="pa-29" page="normal">A-29</pagenum>
<h3><strong>DBQ 3 </strong></h3>
<p><strong>Directions:</strong> Question 3 is based on the accompanying documents. The documents have been edited for the purpose of this exercise.</p>
<p><strong>Evaluate the relative importance of the causes of discontent and lack of political unity in the American colonies from 1763 to 1776.</strong></p>
<sidebar render="required">
<hd><strong>Document 1</strong></hd>
<p>Source: Jean-Baptiste Colbert, <em>Lettres, Instructions et Memoires de Colbert,</em> vol. 2, ed. P. Clement (Paris: Librairie Imperiale, 1863), pp. 263, 268&#8211;71. Translated by Ruth Kleinman in Core Four Sourcebook.</p>
<p>I believe everyone will easily agree to this principle, that only the abundance of money in a State makes the difference in its greatness and power. Aside from the advantages that the entry of a greater quantity of cash into the kingdom will produce, it is certain that, thanks to the manufactures, a million people who now languish in idleness will be able to earn a living.&#x2026; The almost infinite increase in the number of ships will multiply to the same degree the greatness and power of the State. These, in my opinion, are the goals that should be the aim of the King&#8217;s efforts and of his goodness and love for his people.</p>
</sidebar>
<sidebar render="required">
<hd><strong>Document 2</strong></hd>
<br/>Source: Proclamation Line of 1763
<imggroup>
<img id="pA-29-001" src="./images/U01C01/pA-29-001.jpg" alt=""/>
<prodnote render="required" imgref="pA-29-001">
<p>Fort Michilimackinac</p>
<p>Fort Detroit</p>
<p>Pontiac&#8217;s uprising, 1763</p>
<p>Indian forces</p>
<p>Member of Covenant Chain</p>
<p>Territory claimed by Spain and Britain</p>
<p>European settlement before 1700</p>
<p>New Orleans</p>
<p>Frontier, 1763</p>
<p>European settlement 1700&#8211;1763</p>
<p>Proclamation Line of 1763</p>
</prodnote>
<prodnote render="required"/>
</imggroup>
</sidebar>
<pagenum id="pa-30" page="normal">A-30</pagenum>
<sidebar render="required">
<hd><strong>Document 3</strong></hd>
<p>Source: The Stamp Act, March 22, 1765</p>
<p>AN ACT for granting and applying certain stamp duties, and other duties, in the British colonies and plantations in America, towards further defraying the expenses of defending, protecting, and securing the same; and for amending such parts of the several acts of parliament relating to the trade and revenues of the said colonies and plantations, as direct the manner of determining and recovering the penalties and forfeitures therein mentioned.</p>
</sidebar>
<sidebar render="required">
<hd><strong>Document 4</strong></hd>
<br/>Source: Sons of Liberty; Reaction to Critics
<imggroup>
<img id="pA-30-001" src="./images/U01C01/pA-30-001.jpg" alt=""/>
<caption imgref="pA-30-001">&#x00A9; The Granger Collection</caption>
<prodnote render="required"/>
<prodnote render="required"/>
</imggroup>
<imggroup>
<img id="pA-30-002" src="./images/U01C01/pA-30-002.jpg" alt=""/>
<caption imgref="pA-30-002">Library of Congress</caption>
<prodnote render="required"/>
<prodnote render="required"/>
</imggroup>
</sidebar>
<pagenum id="pa-31" page="normal">A-31</pagenum>
<sidebar render="required">
<hd><strong>Document 5</strong></hd>
<br/>Source: Boston Massacre
<imggroup>
<img id="pA-31-001" src="./images/U01C01/pA-31-001.jpg" alt=""/>
<caption imgref="pA-31-001">Library of Congress Prints and Photographs Division[LC-DIG-ppmsca-01657]</caption>
<prodnote render="required"/>
<prodnote render="required"/>
</imggroup>
</sidebar>
<sidebar render="required">
<hd><strong>Document 6</strong></hd>
<p>Source: The Committees of Correspondence.</p>
<p><em>At a Meeting of the Freeholders and other Inhabitants of the Town of</em> Boston, <em>duly warned, and legally assembled, in</em> Faneuil-<em>Hall, on Wednesday the</em> 28 <em>th of</em> October, 1772; <em>and from thence continued by Ad-journments to Monday the 2 d of</em> November <em>following</em>.</p>
<p>It was moved,</p>
<p>THAT a Committee of Correspondence be appointed, to consist of Twenty-one Persons, &#8220;to State the Rights of the Colonists, and of this Province in particular, as Men, as Christians, and as Subjects to Communicate and Publish the same to the several Towns in this Province, and to the World, as the Sense of this Town, with the Ingringements and Viola-tions thereof that have been, or from Time to Time may be made;
also requesting of each Town as a free Communication of their Sentiments on this Subject.&#8221;</p>
</sidebar>
<sidebar render="required">
<hd><strong>Document 7</strong></hd>
<p>Source: Introduction to Thomas Paine&#8217;s <em>Common Sense,</em> 1776.</p>
<p><em>Perhaps</em> the sentiments contained in the following pages, are not yet sufficiently fashionable to procure them general favor; a long habit of not thinking a thing wrong, gives it a superficial appearance of being right, and raises at first a formidable outcry in defence of custom. But tumult soon subsides. Time makes more converts than reason.</p>
<p>As a long and violent abuse of power is generally the means of calling the right of it in question, (and in matters too which might never have been thought of, had not the sufferers been aggravated into the inquiry,) and as the king of England hath undertaken in his own right, to support the parliament in what he calls theirs, and as the good people of this country are grievously oppressed by the combination, they have an undoubted privilege to inquire into the pretensions of both, and equally to reject the usurpations of either.</p>
</sidebar>
</level3>
<level3 class="section" id="doc_sec004">
<pagenum id="pa-32" page="normal">A-32</pagenum>
<h3><strong>DBQ 4 </strong></h3>
<p><strong>Directions:</strong> Question 4 is based on the accompanying documents. The documents have been edited for the purpose of this exercise.</p>
<p><strong>Evaluate the extent to which the creation of the United States Constitution caused changes in American society from 1781 to 1797.</strong> </p>
<sidebar render="required">
<hd><strong>Document 1</strong></hd>
<p>Source: Proclamation for apprehending Daniel Shays, Luke Day &amp; Adam Wheeler &amp; Eli Parsons  (Shays&#8217;s Rebellion), February 9, 1787.</p>
<p>By his Excellency James Bowdoin Esq. Governour Of the Commonwealth of Massachusetts</p>
<p>A Proclamation &#8212;</p>
<p>Whereas the General Court of this Commonwealth did, on the fourth of February instant, declare that a horrid and unnatural Rebellion and War hath been openly and traitorously raised, and levied against this Commonwealth, with a design to subvert and overthrow the Constitution, and form of Government thereof:&#8212;And Whereas it appears that Daniel Shays of Pehham, and Luke Day of West Springfield, in the county of Hampshire, Adam Wheeler of Hubbardston in the county of Worcester, and Eli Parsons of Adams in the County of Berkshire, have been the Principals in, and Abettors and supporters of this unnatural, unprovoked and wicked Rebellion against the dignity, authority and Government of the said Commonwealth&#8212;I have therefore thought fit, by and with the advice of the Council, and at the desire of the General Court, to issue this Proclamation: hereby requiring all Judges, Justices, Sherrifs, Grand Jurors, Constables and other Officers, civil and military, and also recommending it to all other good Subjects within this Commonwealth, to use their utmost endeaveurs [endeavors], for discovering and apprehending the said Daniel Shays.</p>
</sidebar>
<sidebar render="required">
<hd><strong>Document 2</strong></hd>
<p>Source: Three-Fifths Compromise, United States Constitution, Article I, Section 2, Clause 3. 1787.</p>
<p>Representatives and direct Taxes shall be apportioned among the several States which may be included within this Union, according to their respective Numbers, which shall be determined by adding to the whole Number of free Persons, including those bound to Service for a Term of Years, and excluding Indians not taxed, three fifths of all other Persons.</p>
</sidebar>
<pagenum id="pa-33" page="normal">A-33</pagenum>
<sidebar render="required">
<hd><strong>Document 3</strong></hd>
<br/>Source: Federalist and Anti-Federalist Geographic Struggle
<imggroup>
<img id="pA-33-001" src="./images/U01C01/pA-33-001.jpg" alt=""/>
<prodnote render="required" imgref="pA-33-001">
<p>BRITISH NORTH AMERICA (CANADA)</p>
<p>NEW HAMPSHIRE June 1788 Vote 57 for, 47 against</p>
<p>PENNSYLVANIA December 1787 Vote 46 for, 23 against</p>
<p>MASSACHUSETTS February 1788 Vote 187 for, 168 against</p>
<p>RHODE ISLAND May 1790 Vote 34 for, 32 against</p>
<p>CONNECTICUT January 1788 Vote 128 for, 40 against</p>
<p>NEW JERSEY December 1787 Vote 38 for, 0 against</p>
<p>DELAWARE December 1787 Vote 30 for, 0 against</p>
<p>MARYLAND April 1788 Vote 63 for, 11 against</p>
<p>VIRGINIA June 1788 Vote 89 for, 79 against</p>
<p>NORTH CAROLINA November 1789 Vote 194 for, 77 against</p>
<p>SOUTH CAROLINA May 1788 Vote 149 for, 73  against</p>
<p>GEORGIA January 1788 Vote 26 for, 0 against</p>
<p>NEW YORK June 1788 Vote 30 for, 27 against</p>
<p>Federalist majority</p> 
<p>Antifederalist majority</p> 
<p>Evenly divided</p> 
<p>Politically unorganized</p>
</prodnote>
<prodnote render="required"/>
</imggroup>
</sidebar>
<sidebar render="required">
<hd><strong>Document 4</strong></hd>
<p>Source: Resolution 1 from Edmund Randolph&#8217;s &#8220;Virginia Plan,&#8221; 1787.</p>
<p>Resolved, that the Articles of Confederation ought to be so corrected and enlarged as to accomplish the objects proposed by their institution, namely <em>common Defence, Security of Liberty and general welfare</em>.</p>
</sidebar>
<pagenum id="pa-34" page="normal">A-34</pagenum>
<sidebar render="required">
<hd><strong>Document 5</strong></hd>
<br/>Source: Celebration of Nation&#8217;s New Government
<imggroup>
<img id="pA-34-001" src="./images/U01C01/pA-34-001.jpg" alt=""/>
<caption imgref="pA-34-001">&#x00A9; The Granger Collection, NYC</caption>
<prodnote render="required"/>
<prodnote render="required"/>
</imggroup>
</sidebar>
<sidebar render="required">
<hd><strong>Document 6</strong></hd>
<p>Source: James Madison, <em>Notes of Debates in the Federal Convention of 1787</em>.</p>
<p>. . . This Country must be united. If persuasion does not unite it, the sword will. He begged that this consideration might have its due weight. The scenes of horror attending civil commotion can not be described, and the conclusion of them will be worse than the term of their continuance. The stronger party will then make traytors of the weaker; and the Gallows &amp; Halter will finish the work of the sword.&#x2026; State attachments, and State importance have been the bane of this Country. We can not annihilate; but we may perhaps take out the teeth of the serpents. He wished our ideas to be enlarged to the true interest of man, instead of being circumscribed within the narrow compass of a particular Spot. And after all how little can be the motive yielded by selfishness for such a policy. Who can say whether he himself, much less whether his children, will the next year be an inhabitant of this or that State.</p>
</sidebar>
<sidebar render="required">
<hd><strong>Document 7</strong></hd>
<p>Source: An act passed by the New Jersey General Assembly giving women the right to vote in that state, 
February 22, 1797.</p>
<p><em>And be it enacted</em>, That every voter shall openly, and in full view deliver his or her ballot (which shall be a single written ticket, containing the names of the person or persons for whom he or she votes) to the said judge, or either of the inspectors, who, on receipt thereof, shall, with an audible voice, pronounce the same of such voter, and if no objection is made to the voter, put the ballot immediately into the election box, and the clerk of the election shall thereupon take down the name of such voter in a book or poll list, to be provided for the purpose; and if an adjournment of the poll shall take place during the election, the aperture in the top of the box shall be secured by the bolt aforesaid, and the names on the poll list shall be counted, and the number put down in writing, and the said list locked in the box, and the keys kept separate by two of the persons hereby appointed to conduct the election.</p>
</sidebar>
</level3>
<level3 class="section" id="doc_sec005">
<pagenum id="pa-35" page="normal">A-35</pagenum>
<h3><strong>DBQ 5</strong></h3>
<p><strong>Directions:</strong> Question 5 is based on the accompanying documents. The documents have been edited for the purpose of this exercise.</p>
<p><strong>Analyze the causes of the emergence of a new nationalism in the  United States from 1805 to 1815.</strong></p>
<sidebar render="required">
<hd><strong>Document 1</strong></hd>
<br/>Source: Impressment of Sailors into the British Navy
<imggroup>
<img id="pA-35-001" src="./images/U01C01/pA-35-001.jpg" alt=""/>
<caption imgref="pA-35-001">Picture Research Consultants &amp; Archives</caption>
<prodnote render="required"/>
<prodnote render="required"/>
</imggroup>
</sidebar>
<sidebar render="required">
<hd><strong>Document 2</strong></hd>
<p>Source: Thomas Jefferson to Eli Whitney, Jr., 16 November 1793.  Eli Whitney Papers, Manuscripts and Archives, Yale University Library.</p>
<p>As to the State of Virginia, of which I am, carries on household manufactures of cotton to a great extent, as I also do myself, and one of our great embarrassments is the cleaning the cotton of the seed.  I feel considerable interest in the success of your invention for family use.  Permit me therefore to ask information from you on these points, has the machine been thoroughly tried to the ginning of cotton, or is it as yet but a machine of theory?  What quantity of cotton has it cleaned on an average of several days &amp; worked by hand &amp; by how many hands?  What will be the cost of one of them made to be worked by hand?  Favorable answers to these questions would induce me to engage one of them to be forwarded to Richmond for me.</p>
</sidebar>
<pagenum id="pa-36" page="normal">A-36</pagenum>
<sidebar render="required">
<hd><strong>Document 3</strong></hd>
<p>Source: New Year&#8217;s celebration, Lewis and Clark Expedition with the Mandan Tribe.</p>
<p>January 1st Tuesday    This being the first day of the Year, we Early this morning fired off our Swivels twice, and immediately after, fired a Volley of small Arms, in honor of the day.&#8212;Captain Lewis gave each of the party a Glass of spirit, which was a short time after, repeated by Captain Clark, about 10 o&#8217;Clock A. M. One of our Interpreters, and one half of the Men of our party; went up to the first Village of the Mandan Nation, by request of their Chiefs, to dance, they having a desire to see our manner of dancing. The party had not been long arrived at this Village, when Captain Clarke and three more of the Men arrived.&#8212;The Men commenced dancing, which the Natives much admir&#8217;d, frequently signifying their approbation by a Whoop they gave, In the evening Captain Clark and some of the Men returned, and part of the Men staid all Night at the Village&#8212;</p>
</sidebar>
<sidebar render="required">
<hd><strong>Document 4</strong></hd>
<br/>Source: William Henry Harrison and Tecumseh; Confrontation at 1810 Peace Conference
<imggroup>
<img id="pA-36-001" src="./images/U01C01/pA-36-001.jpg" alt=""/>
<caption imgref="pA-36-001">North Wind Picture Archives</caption>
<prodnote render="required"/>
<prodnote render="required"/>
</imggroup>
</sidebar>
<sidebar render="required">
<hd><strong>Document 5</strong></hd>
<p>Source: Original lyrics of &#8220;The Star Spangled Banner,&#8221; by Francis Scott Key, 1814.</p>
<p>O say can you see, by the dawn&#8217;s early light, What so proudly we hail&#8217;d at the twilight&#8217;s last gleaming, Whose broad stripes and bright stars through the perilous fight O&#8217;er the ramparts we watch&#8217;d were so gallantly streaming? And the rocket&#8217;s red glare, the bombs bursting in air,Gave proof through the night that our flag was still there.O say does that star spangled banner yet wave O&#8217;er the land of the free &amp; the home of the brave?</p>
<p>On the shore dimly seen through the mists of the deep Where the foe&#8217;s haughty host in dread silence reposes, What is that which the breeze, o&#8217;er the towering steep, As it fitfully blows, half conceals, half discloses?</p>
<p>Now it catches the gleam of the morning&#8217;s first beam, In full glory reflected now shines in the stream, &#8216;Tis the star-spangled banner&#8212;O long may it wave O&#8217;er the land of the free &amp; the home of the brave!</p>
</sidebar>
<pagenum id="pa-37" page="normal">A-37</pagenum>
<sidebar render="required">
<hd><strong>Document 6</strong></hd>
<br/>Source: British Pillage Washington in 1814
<imggroup>
<img id="pA-37-001" src="./images/U01C01/pA-37-001.jpg" alt=""/>
<caption imgref="pA-37-001">&#x00A9; Bettmann/Corbis</caption>
<prodnote render="required"/>
<prodnote render="required"/>
</imggroup>
</sidebar>
<sidebar render="required">
<hd><strong>Document 7</strong></hd>
<p>Source: The Treaty of Ghent, restoring diplomatic relations between the United States and Great Britain, 1814.</p>
<p>Article I</p>
<p> There shall be a firm and Universal peace between His Britannic Majesty and the United States, and between their respective countries, territories, cities, towns, and people, of every degree, without exception of places or persons. All hostilities, both by sea and land, shall cease as soon as this treaty shall have been ratified by both parties, as hereinafter mentioned. All territory, places, and possessions whatsoever, taken by either party from the other, during the war, or which may be taken after the signing of this treaty, excepting only the islands hereinafter, shall be restored without delay, and without causing any destruction, or carrying away any of the artillery or other public property originally captured in the said forts or places, and which shall remain therin upon the exchange of the ratifications of this treaty, or any slaves or other private property.</p>
</sidebar>
</level3>
<level3 class="section" id="doc_sec006">
<pagenum id="pa-38" page="normal">A-38</pagenum>
<h3><strong>DBQ 6</strong></h3>
<p><strong>Directions:</strong> Question 6 is based on the accompanying documents. The documents have been edited for the purpose of this exercise.</p>
<p><strong>Compare and contrast how conflicting agricultural and manufacturing interests created geographic differences in the United States from 1820 to 1850.</strong></p>
<sidebar render="required">
<hd><strong>Document 1</strong></hd>
<p>Source: &#8220;Of the Servants and Slaves in Virginia,&#8221; Virginia Slave Code, 1705.</p>
<p>Servants are those which serve only for a few Years, according to the time of their Indenture or the Custom of the Country. The Custom of the Country takes place upon such as have no Indentures. The Law in this Case is that if such Servants be under nineteen Years of Age, they must be brought into Court to have their Age adjudged; And from the Age they are judg&#8217;d to be of, they must serve until they reach four and twenty; But if they be adjudged upwards of nineteen, they are then only to be Servants for the Term of five Years.</p>
<p>The Male-Servants, and Slaves of both Sexes, are employed together in tilling and manuring the Ground, in sowing and planting Tobacco, Corn, &amp;c. Some Distinction indeed is made between them in their Clothes and Food, but the Work of both is no other than what the Overseers, the Freemen, and the Planters themselves do.</p>
</sidebar>
<sidebar render="required">
<hd><strong>Document 2</strong></hd>
<p>Source: Lawyer John Latrobe&#8217;s observation of Peter Cooper&#8217;s Tom Thumb Locomotive,  Baltimore and Ohio Railroad, 1830.</p>
<p>The boiler of Mr. Cooper&#8217;s engine was not as large as the kitchen boiler attached to many a range in modern mansions. It was of about the same diameter, but not much more than half as high. It stood upright in the car, and was filled, above the furnace, which occupied the lower section, with vertical tubes. The cylinder was but three-and-a half inches in diameter, and speed was gotten up by gearing. No natural draught could have been sufficient to keep up steam in so small a boiler; and Mr. Cooper used therefore a blowing-apparatus, driven by a drum attached to one of the car wheels, over which passed a cord that in its turn worked a pulley on the shaft of the blower.&#x2026;</p>
</sidebar>
<sidebar render="required">
<hd><strong>Document 3</strong></hd>
<br/>Source: Planters Working Alongside Slaves; 1838
<imggroup>
<img id="pA-38-001" src="./images/U01C01/pA-38-001.jpg" alt=""/>
<caption imgref="pA-38-001">&#x00A9; Picture Research Consultants &amp; Archives</caption>
<prodnote render="required"/>
<prodnote render="required"/>
</imggroup>
</sidebar>
<pagenum id="pa-39" page="normal">A-39</pagenum>
<sidebar render="required">
<hd><strong>Document 4</strong></hd>
<p>Source: Solomon Northup, <em>Twelve Years a Slave</em>,&#x2026; <em>Rescued in 1853</em>, 1859.</p>
<p>Since my return to liberty, I have not failed to perceive the increasing interest throughout the Northern States, in regard to the subject of Slavery. Works of fiction, professing to portray its features in their more pleasing as well as more repugnant aspects, have been circulated to an extent unprecedented, and, as I understand, have created a fruitful topic of comment and discussion.</p>
<p>As far back as I have been able to ascertain, my ancestors on the paternal side were slaves in Rhode Island. They belonged to a family by the name of Northup, one of whom, removing to the State of New York, settled at Hoosic, in Rensselaer county. He brought with him Mintus Northup, my father. On the death of this gentleman, which must have occurred some fifty years ago, my father became free, having been emancipated by a direction in his will.</p>
</sidebar>
<sidebar render="required">
<hd><strong>Document 5</strong></hd>
<p>Source: Letters from Susan, a Lowell Mills worker, 1844.</p>
<p>You wish to know minutely of our hours of labor. We go in at five o&#8217;clock; at seven we come out to breakfast; at half-past seven we return to our work, and stay until half-past twelve. At one, or quarter-past one four months in the year, we return to our work, and stay until seven at night. Then the evening is all our own, which is more than some laboring girls can say, who think nothing is more tedious than a factory life.</p>
</sidebar>
<sidebar render="required">
<hd><strong>Document 6</strong></hd>
<br/>Source: Working Class Tenement Apartment
<imggroup>
<img id="pA-39-001" src="./images/U01C01/pA-39-001.jpg" alt=""/>
<caption imgref="pA-39-001">The Granger Collection, NYC</caption>
<prodnote render="required"/>
<prodnote render="required"/>
</imggroup>
</sidebar>
<pagenum id="pa-40" page="normal">A-40</pagenum>
<sidebar render="required">
<hd><strong>Document 7</strong></hd>
<p>Source: Diary of J. Henry Brown, on the Oregon Trail, 1847.</p>
<p>. . . On July 24th my father died, he had about recovered from the attack of fever caused by getting wet in the Platte, but caught cold and suffered a relapse without any hope of recovery. There was no physician in our or any available train.</p>
<p>We left here and traveled down Snake river and encountered great difficulty at times in obtaining water.&#x2026;</p>
<p>When we arrived at Powder river, the general topography of the country changed; valley streams and mountains were covered with timber, the grass was also better, but the exhausted stock did not seem to recripreate, they died all along the road, and had been for over 200 miles in our rear. In crossing the deserts they had laid down and died with wonderful frequency, the air was so dry that there was not as much smell emitted as is generally supposed.</p>
</sidebar>
</level3>
<level3 class="section" id="doc_sec007">
<pagenum id="pa-41" page="normal">A-41</pagenum>
<h3><strong>DBQ 7</strong> </h3>
<p><strong>Directions:</strong> Question 7 is based on the accompanying documents. The documents have been edited for the purpose of this exercise.</p>
<p><strong>Evaluate the extent to which sectionalism in the United States during the 1840s and 1850s led to the secession of Southern states in 1861.</strong></p>
<sidebar render="required">
<hd><strong>Document 1</strong></hd>
<p>Source: The Wilmot Proviso, 1846.</p>
<p>Provided, That, as an express and fundamental condition to the acquisition of any territory from the Republic of Mexico by the United States, by virtue of any treaty which may be negotiated between them, and to the use by the Executive of the moneys herein appropriated, neither slavery nor involuntary servitude shall ever exist in any part of said territory, except for crime, whereof the party shall first be duly convicted.</p>
</sidebar>
<sidebar render="required">
<hd><strong>Document 2</strong></hd>
<br/>Source: Treaty of Guadalupe Hidalgo, 1848.
<imggroup>
<img id="pA-41-001" src="./images/U01C01/pA-41-001.jpg" alt=""/>
<caption imgref="pA-41-001">Library of Congress, Prints &amp; Photographs Division</caption>
<prodnote render="required"/>
<prodnote render="required"/>
</imggroup>
</sidebar>
<pagenum id="pa-42" page="normal">A-42</pagenum>
<sidebar render="required">
<hd><strong>Document 3</strong></hd>
<br/>Source: Compromise of 1850
<imggroup>
<img id="pA-42-001" src="./images/U01C01/pA-42-001.jpg" alt=""/>
<prodnote render="required" imgref="pA-42-001">
<p>OREGON TERRITORY</p>
<p>MINNESOTA TERRITORY</p>
<p>UNORGANIZED TERRITORY</p>
<p>INDIAN TERRITORY</p>
<p>Gadsden Purchase 1853</p>
<p>Free state or territory</p>
<p>(141 representatives, 32 senators)</p>
<p>Slave state or territory</p>
<p>(90 representatives, 30 senators)</p>
<p>Territory open to slavery</p>
<p>Number of representatives</p>
</prodnote>
<prodnote render="required"/>
</imggroup>
</sidebar>
<sidebar render="required">
<hd><strong>Document 4</strong></hd>
<p>Source: Harriet Beecher Stowe, &#8220;Eliza&#8217;s Escape,&#8221; <em>Uncle Tom&#8217;s Cabin,</em>1852.</p>
<p>If any of our refined and Christian readers object to the society into which this scene introduces them, let us beg them to begin and conquer their prejudices in time. The catching business, we beg to remind them, is rising to the dignity of a lawful and patriotic profession. If all the broad land between the Mississippi and the Pacific becomes one great market for bodies and souls, and human property retains the locomotive tendencies of this nineteenth century, the trader and catcher may yet be among our aristocracy.</p>
</sidebar>
<sidebar render="required">
<hd><strong>Document 5</strong></hd>
<p>Source: Chief Justice Taney&#8217;s introduction to the <em>Dred Scott</em> decision.</p>
<p>The doctrine of 1776, that all (white) men &#8220;are created free and equal,&#8221; is universally accepted and made the basis of all our institutions, State and National, and the relations of citizenship-the rights of the individual-in short, the <em>status</em> of the dominant race, is thus defined and fixed forever.</p>
<p>But there have been doubts and uncertainties in regard to the negro. Indeed many (perhaps most) American communities have latterly sought to include him in the ranks of citizenship, and force upon him the <em>status</em> of the superior race.</p>
</sidebar>
<pagenum id="pa-43" page="normal">A-43</pagenum>
<sidebar render="required">
<hd><strong>Document 6</strong></hd>
<p>Source: John Brown to T. B. Musgrave (one month before his execution), November 17, 1859, Sanborn, <em>Life and Letters.</em></p>
<p>I do not feel myself in the least degraded by my imprisonment, my chains, or the near prospect of the gallows. Men cannot imprison, or chain, or hang the soul. I go joyfully in behalf of millions that &#8220;have no rights&#8221; that this great and glorious, this Christian Republic &#8220;is bound to respect.&#8221;</p>
</sidebar>
<sidebar render="required">
<hd><strong>Document 7</strong></hd>
<br/>Source: Secession
<imggroup>
<img id="pA-43-001" src="./images/U01C01/pA-43-001.jpg" alt=""/>
<prodnote render="required" imgref="pA-43-001">
<p>Seceded before fall of Fort Sumter</p> 
<p>Seceded after fall of Fort Sumter</p> 
<p>Slave state loyal to the Union</p> 
<p>Free state or territory</p> 
<p>Order and date of secession</p>
</prodnote>
<prodnote render="required"/>
</imggroup>
</sidebar>
</level3>
<level3 class="section" id="doc_sec008">
<pagenum id="pa-44" page="normal">A-44</pagenum>
<h3><strong>DBQ 8</strong></h3>
<p><strong>Directions:</strong> Question 8 is based on the accompanying documents. The documents have been edited for the purpose of this exercise.</p>
<p><strong>Evaluate the extent to which developments in the Civil War fostered a change in understandings about national identity.</strong></p>
<sidebar render="required">
<hd><strong>Document 1</strong></hd>
<p>Source: Secession of South Carolina from the federal Union, December 24, 1860.</p>
<p>The people of the State of South Carolina, in Convention assembled, on the 26th day of April, A.D., 1852, declared that the frequent violations of the Constitution of the United States by the Federal Government, and its encroachments upon the reserved rights of the States, fully justified this State in then withdrawing from the Federal Union; but in deference to the opinions and wishes of the other slaveholding States, she forbore at that time to exercise this right. Since that time, these encroachments have continued to increase, and further forbearance ceases to be a virtue.</p>
</sidebar>
<sidebar render="required">
<hd><strong>Document 2</strong></hd>
<br/>Source: African American Recruiting Poster
<imggroup>
<img id="pA-44-001" src="./images/U01C01/pA-44-001.jpg" alt=""/>
<caption imgref="pA-44-001">&#x00A9; Kean Collection/Archive Photos/Getty Images</caption>
<prodnote render="required"/>
<prodnote render="required"/>
</imggroup>
</sidebar>
<pagenum id="pa-45" page="normal">A-45</pagenum>
<sidebar render="required">
<hd><strong>Document 3</strong></hd>
<br/>Source: Native Americans Enlisting for the Confederacy
<imggroup>
<img id="pA-45-001" src="./images/U01C01/pA-45-001.jpg" alt=""/>
<caption imgref="pA-45-001">&#x00A9; Wisconsin Historical Society</caption>
<prodnote render="required"/>
<prodnote render="required"/>
</imggroup>
</sidebar>
<sidebar render="required">
<hd><strong>Document 4</strong></hd>
<p>Source: Emancipation Proclamation, September 22, 1862.</p>
<p>Now, therefore I, Abraham Lincoln, President of the United States, by virtue of the power in me vested as Commander-in-Chief, of the Army and Navy of the United States in time of actual armed rebellion against the authority and government of the United States, and as a fit and necessary war measure for suppressing said rebellion, do, and in accordance with my purpose so to do publicly proclaimed for the full period of one hundred days, order and designate as the States and parts of States wherein the people thereof respectively, are this day in rebellion against the United States, the following, to wit:</p>
<p>And by virtue of the power, and for the purpose aforesaid, I do order and declare that all persons held as slaves within said designated States, and parts of States, are, and henceforward shall be free; and that the Executive government of the United States, including the military and naval authorities thereof, will recognize and maintain the freedom of said persons.</p>
</sidebar>
<pagenum id="pa-46" page="special">A-46</pagenum>
<sidebar render="required">
<hd><strong>Document 5</strong></hd>
<p>Source: Gettysburg Address, November 19, 1863.</p>
<p>Fourscore and seven years ago our fathers brought forth on this continent a new nation, conceived in liberty and dedicated to the proposition that all men are created equal. Now we are engaged in a great civil war, testing whether that nation or any nation so conceived and so dedicated can long endure. We are met on a great battlefield of that war. The world will little note nor long remember what we say here, but it can never forget what they did here. It is for us the living rather to be dedicated here to the unfinished work which they who fought here have thus far so nobly advanced. It is rather for us to be here dedicated to the great task remaining before us&#8212;that this nation under God shall have a new birth of freedom, and that government of the people, by the people, for the people shall not perish from the earth.</p>
</sidebar>
<sidebar render="required">
<hd><strong>Document 6</strong></hd>
<p>Source: Sherman&#8217;s March to the Sea, Dolly Summer Lunt&#8217;s account, November 20, 1864.</p>
<p>My Heavenly Father alone saved me from the destructive fire. My carriage-house had in it eight bales of cotton, with my carriage, buggy, and harness. On top of the cotton were some carded cotton rolls, a hundred pounds or more. These were thrown out of the blanket in which they were, and a large twist of the rolls taken and set on fire, and thrown into the boat of my carriage, which was close up to the cotton bales. Thanks to my God, the cotton only burned over, and then went out. Shall I ever forget the deliverance?</p>
<p>About ten o&#8217;clock they had all passed save one, who came in and wanted coffee made, which was done, and he, too, went on. A few minutes elapsed, and two couriers riding rapidly passed back. Then, presently, more soldiers came by, and this ended the passing of Sherman&#8217;s army by my place, leaving me poorer by thirty thousand dollars than I was yesterday morning. And a much stronger Rebel!</p>
</sidebar>
<sidebar render="required">
<br/>Source: Lincoln on his death bed, 1865.
<imggroup>
<img id="pA-46-001" src="./images/U01C01/pA-46-001.jpg" alt=""/>
<caption imgref="pA-46-001">Archive Images/Alamy Stock Photo</caption>
<prodnote render="required"/>
<prodnote render="required"/>
</imggroup>
</sidebar>
<pagenum id="pa-47" page="special">A-47</pagenum>
</level3>
<level3 class="section" id="doc_sec009">
<h3><strong>DBQ 9</strong></h3>
<p><strong>Directions:</strong> Question 9 is based on the accompanying documents. The documents have been edited for the purpose of this exercise.</p>
<p><strong>Evaluate the extent to which Reconstruction changed American society from 1865 to 1877.</strong></p>
<sidebar render="required">
<hd><strong>Document 1</strong></hd>
<p>Source: Thirteenth Amendment to the U.S. Constitution, ratified December 6, 1865.</p>
<p>Neither slavery nor involuntary servitude, except as a punishment for crime whereof the party shall have been duly convicted, shall exist within the United States, or any place subject to their jurisdiction.</p>
</sidebar>
<sidebar render="required">
<hd><strong>Document 2</strong></hd>
<p>Source: Freedmen&#8217;s Bureau, Hawkins Wilson to chief of the Freedmen&#8217;s Bureau at Richmond,  VA, May 11, 1867.</p>
<p>I am anxious to learn about my sisters, from whom I have been separated many years I have never heard from them since I left Virginia twenty four years ago I am in hopes that they are still living and I am anxious to hear how they are getting on.</p>
</sidebar>
<sidebar render="required">
<hd><strong>Document 3</strong></hd>
<br/>Source: Planning the contemplated murder of John Campbell in North Carolina (engraving), English School, (19th century)/Private Collection/&#x00A9;Look and Learn/Rosenberg Collection /The Bridgeman Art Library.
<imggroup>
<img id="pA-47-001" src="./images/U01C01/pA-47-001.jpg" alt=""/>
<caption imgref="pA-47-001">Planning the contemplated murder of John Campbell in North Carolina (engraving), English School, (19th century)/Private Collection/ &#x00A9; Look and Learn/Rosenberg Collection/The Bridgeman Art Library</caption>
<prodnote render="required"/>
<prodnote render="required"/>
</imggroup>
</sidebar>
<pagenum id="pa-48" page="special">A-48</pagenum>
<sidebar render="required">
<hd><strong>Document 4</strong></hd>
<br/>Source: Carpetbagger, 1868.
<imggroup>
<img id="pA-48-001" src="./images/U01C01/pA-48-001.jpg" alt=""/>
<caption imgref="pA-48-001">The Granger collection, NYC89974_</caption>
<prodnote render="required"/>
<prodnote render="required"/>
</imggroup>
</sidebar>
<pagenum id="pa-49" page="special">A-49</pagenum>
<sidebar render="required">
<hd><strong>Document 5</strong></hd>
<br/>Source: First Vote
<imggroup>
<img id="pA-49-001" src="./images/U01C01/pA-49-001.jpg" alt=""/>
<caption imgref="pA-49-001">Library of Congress Prints and Photographs Division[LC-DIG-ppmsca-31598]</caption>
<prodnote render="required"/>
<prodnote render="required"/>
</imggroup>
</sidebar>
<sidebar render="required">
<hd><strong>Document 6</strong></hd>
<br/>Source: Women&#8217;s Suffrage in New Jersey, Lucy Stone, March 6, 1867.
<imggroup>
<img id="pA-49-002" src="./images/U01C01/pA-49-002.jpg" alt=""/>
<caption imgref="pA-49-002">Library of Congress</caption>
<prodnote render="required"/>
<prodnote render="required"/>
</imggroup>
</sidebar>
<pagenum id="pa-50" page="special">A-50</pagenum>
<sidebar render="required">
<hd><strong>Document 7</strong></hd>
<br/>Source: Election of 1876
<imggroup>
<img id="pA-50-001" src="./images/U01C01/pA-50-001.jpg" alt=""/>
<prodnote render="required" imgref="pA-50-001">
<p><strong>Candidate (Party)</strong></p>
<p>Hayes (Republican)</p>
<p>Tilden (Democrat)</p>
<p><strong>Uncontested Electoral Vote</strong></p>
<p>165</p>
<p>184</p>
<p>Electoral Vote</p>
<p>185 50%</p>
<p>184 50%</p>
<p><strong>Popular Vote</strong></p>
<p>4,036,572 48.0%</p>
<p>4,284,020 51.0%</p>
<p>Territories</p>
</prodnote>
<prodnote render="required"/>
</imggroup>
</sidebar>
</level3>
<level3 class="section" id="doc_sec010">
<pagenum id="pa-51" page="special">A-51</pagenum>
<h3><strong>DBQ 10</strong></h3>
<p><strong>Directions:</strong> Question 10 is based on the accompanying documents. The documents have been edited for the purpose of this exercise.</p>
<p><strong>Evaluate the extent to which industrialization in the United States caused economic shifts in society from 1865 to 1898.</strong></p>
<sidebar render="required">
<hd><strong>Document 1</strong></hd>
<p>Source: Cr&#x00E9;dit Mobilier Scandal Recounted, 1873. From Edward Winslow Martin [pseudonym], <em>Behind the Scenes in Washington</em>(New York: Continental Publishing Company, 1873), pp. 248&#8211;257.</p>
<p>To sum up, it may be briefly stated that the Union Pacific and Credit Mobilier together got the proceeds of liberal United States land grants, of donations of communities near the road, and the entire subsidy of Government bonds, as a clear profit.</p>
<p>Reduced to plain English, the story of the Credit Mobilier is simply this: The men entrusted with the management of the Pacific Road made a bargain with themselves to build the road for a sum equal to about twice its actual cost, and pocketed the profits, which have been estimated at about Thirty Millions of Dollars&#8211; this immense sum coming out of the pockets of the tax payers of the United States.</p>
</sidebar>
<sidebar render="required">
<hd><strong>Document 2</strong></hd>
<p>Source: Thomas Edison&#8217;s petition for the electric light bulb, 1880.</p>
<p>To the Honorable Commissioner of Patents:</p>
<p>Your Petitioner Thomas A. Edison of Menlo Park in the State of New Jersey prays that Letters Patent may be granted to him for the invention of an Improvement in Electric Lamps and in the method of manufacturing the same set forth in the annexed specification. (Case no. 186).</p>
<p>And further prays that you will recognize Lemuel W. Serrell, of the City of New York, N.Y., as his Attorney, with full power of substitution and revocation, to prosecute this application, to make alterations and amendments therein, to receive the Patent, and to transact all business in the Patent Office connected Therewith.</p>
</sidebar>
<pagenum id="pa-52" page="special">A-52</pagenum>
<sidebar render="required">
<hd><strong>Document 3</strong></hd>
<br/>Source: 1899 Sears and Roebuck Catalog
<imggroup>
<img id="pA-52-001" src="./images/U01C01/pA-52-001.jpg" alt=""/>
<caption imgref="pA-52-001">&#x00A9; The Granger Collection, New York</caption>
<prodnote render="required"/>
<prodnote render="required"/>
</imggroup>
</sidebar>
<sidebar render="required">
<hd><strong>Document 4</strong></hd>
<br/>Source: Advance Thresher Company Ad for Farm Equipment; circa 1900
<imggroup>
<img id="pA-52-002" src="./images/U01C01/pA-52-002.jpg" alt=""/>
<caption imgref="pA-52-002">&#x00A9; Picture Research Consultants &amp; Archives</caption>
<prodnote render="required"/>
<prodnote render="required"/>
</imggroup>
</sidebar>
<pagenum id="pa-53" page="special">A-53</pagenum>
<sidebar render="required">
<hd><strong>Document 5</strong></hd>
<br/>Source: Carnegie Steel Works at Homestead, Pennsylvania; circa 1905
<imggroup>
<img id="pA-53-001" src="./images/U01C01/pA-53-001.jpg" alt=""/>
<caption imgref="pA-53-001">Library of Congress, Prints and Photographs Division[LC-D401-10924]</caption>
<prodnote render="required"/>
<prodnote render="required"/>
</imggroup>
</sidebar>
<sidebar render="required">
<hd><strong>Document 6</strong></hd>
<p>Source: Completion of the Pacific Railroad, Dr. William Abraham Bell, 1866.</p>
<p>A light car, drawn by a single horse, gallops up to the front with its load of rails. Two men seize the end of a rail and start forward, the rest of the gang taking hold by twos, until it is clear of the car.  At the word of command the rail is dropped in its place, right side up with care, while the same process goes on at the other side of the car.  Less than thirty seconds to a rail for each gang, and so four rails go down to the minute&#x2026; close behind the first gang come the gaugers, spikers, and bolters, and a lively time they make of it.  There are 10 spikes to a rail, 400 rails to a mile, 1,800 miles to San Francisco&#8212;21,000,000 times those sledges to be swung: 21,000,000 times are they to come down with their sharp punctuation before the great work of modern America is complete.</p>
</sidebar>
<sidebar render="required">
<hd><strong>Document 7</strong></hd>
<p>Source: John D. Rockefeller explains the inevitability of big business, from <em>Random Reminiscences of Men and Events</em>, 1909.</p>
<p>The cleansing of crude petroleum was a simple and easy process, and at first the profits were very large. Naturally, all sorts of people went into it: the butcher, the baker, and the candlestick-maker began to refine oil, and it was only a short time before more of the finished product was put on the market than could possibly be consumed. The price went down and down until the trade was threatened with ruin.&#x2026;</p>
<p>It is too late to argue about advantages of industrial combinations. They are a necessity. And if Americans are to have the privilege of extending their business in all the states of the Union, and into foreign countries as well, they are a necessity on a large scale, and require the agency of more than one corporation.</p>
</sidebar>
<pagenum id="pa-54" page="special">A-54</pagenum>
</level3>
<level3 class="section" id="doc_sec011">
<h3><strong>DBQ 11</strong></h3>
<p><strong>Directions:</strong> Question 11 is based on the accompanying documents. The documents have been edited for the purpose of this exercise.</p>
<p><strong>Explain the primary and secondary causes of the socioeconomic hierarchy that emerged during the Gilded Age in the United States from 1865 to 1898.</strong></p>
<sidebar render="required">
<hd><strong>Document 1</strong></hd>
<br/>Source: U.S. Bureau of the Census, Department of Commerce, <em>Historical Statistics of the United States,</em>2 vols.(Washington, D.C.: U.S. Government Printing Office, 1975), Series A-58, A-59, A-69, A-119.
<imggroup>
<img id="pA-54-001" src="./images/U01C01/pA-54-001.jpg" alt=""/>
<prodnote render="required" imgref="pA-54-001">
<p>People living in cities with more than 500,000 persons</p>
<p>People living in rural areas (including towns of fewer than 2,500 persons)</p>
<p>People living in cities and towns with 2,500&#8211;500,000 persons</p>
<p>Number of people (in millions)</p>
</prodnote>
<prodnote render="required"/>
</imggroup>
</sidebar>
<sidebar render="required">
<hd><strong>Document 2</strong></hd>
<p>Source: Wealthy women&#8217;s &#8220;calling&#8221; rules, 1873.</p>
<p>The paying of calls was governed by iron-clad rules. Any lady who was or wanted to be in society must first leave her printed calling card before making a visit. Her footman presented it to the servant of the house, and if the corner was turned down it signified that the lady had come in person. The lady for whom she left the card must, within seven to ten days, leave her card in return. Next came the exchange of formal calls. One etiquette writer declared, &#8220;You cannot invite people to your house (however often you may have met them elsewhere) until you first call on them in a formal manner and they return your visit. It is a safeguard against undesirable acquaintances. If you don&#8217;t wish to continue the friendship, you discontinue to call and no further advances are made. But it is bad manners not to return a call in the first instance.&#8221;</p>
</sidebar>
<sidebar render="required">
<hd><strong>Document 3</strong></hd>
<p>Source: Chinese Exclusion Act, 1882.</p>
<p>Whereas in the opinion of the Government of the United States the coming of Chinese laborers to this country endangers the good order of certain localities within the territory thereof: Therefore, <em>Be it enacted by the Senate and House of Representatives of the United States of America in Congress assembled</em>, That from and after the expiration of ninety days next after the passage of this act, and until the expiration of ten years next after the passage of this act, the coming of Chinese laborers to the United States be, and the same is hereby, suspended; and during such suspension it shall not be lawful for any Chinese laborer to come, or having so come after the expiration of said ninety days to remain within the United States.</p>
</sidebar>
<pagenum id="pa-55" page="special">A-55</pagenum>
<sidebar render="required">
<hd><strong>Document 4</strong></hd>
<p>Source: Frances Harper attempts to recruit women of color into the Woman&#8217;s Christian  Temperance Union, 1888.</p>
<p>A woman sat beneath the shadow of her home, while the dark waves of intemperance [overindulgence in alcohol] dashed against human hearts and hearth-stones, but there came an hour when she found that she could do something else besides wring her hands and weep over the ravages of the liquor traffic, which had darkened so many lives and desolated so many homes.&#x2026; In the great anti-slavery conflict women had borne a part, but after the storm cloud of battle had rolled away, it was found that an enemy, old and strong and deceptive, was warring against the best interests of society; not simply an enemy to one race, but an enemy to all races--an enemy that had entrenched itself in the strongholds of appetite and avarice [greed], and was upheld by fashion, custom and legislation.</p>
</sidebar>
<sidebar render="required">
<hd><strong>Document 5</strong></hd>
<p>Source: <em>Plessy v. Ferguson</em> decision, 1896.</p>
<p>The statute of Louisiana, acts of 1890, c. 111, requiring railway companies carrying passengers in their coaches in that State, to provide equal, but separate, accommodations for the white and colored races, by providing two or more passenger coaches for each passenger train, or by dividing the passenger coaches by a partition so as to secure separate accommodations; and providing that no person shall be permitted to occupy seats in coaches other than the ones assigned to them, on account of the race they belong to; and requiring the officer of the passenger train to assign each passenger to the coach or compartment assigned for the race to which he or she belong; and imposing fines or imprisonment upon passengers insisting on going into a coach or compartment other than the one set aside for the race to which he or she belongs.</p>
</sidebar>
<sidebar render="required">
<hd><strong>Document 6</strong></hd>
<br/>Source: Mexican American Railway Workers; Arizona, 1904
<imggroup>
<img id="pA-55-001" src="./images/U01C01/pA-55-001.jpg" alt=""/>
<caption imgref="pA-55-001">&#x00A9; Denver Public Library, Western History Collection</caption>
<prodnote render="required"/>
<prodnote render="required"/>
</imggroup>
</sidebar>
<pagenum id="pa-56" page="special">A-56</pagenum>
<sidebar render="required">
<hd><strong>Document 7</strong></hd>
<br/>Source: 1908, Lewis Hine Photographs for the National Child Labor Committee
<imggroup>
<img id="pA-56-001" src="./images/U01C01/pA-56-001.jpg" alt=""/>
<caption imgref="pA-56-001">&#x00A9; Library of Congress</caption>
<prodnote render="required"/>
<prodnote render="required"/>
</imggroup>
<imggroup>
<img id="pA-56-002" src="./images/U01C01/pA-56-002.jpg" alt=""/>
<caption imgref="pA-56-002">&#x00A9; Library of Congress</caption>
<prodnote render="required"/>
<prodnote render="required"/>
</imggroup>
</sidebar>
</level3>
<pagenum id="pa-57" page="special">A-57</pagenum>
<level3 class="section" id="doc_sec012">
<h3><strong>DBQ 12</strong></h3>
<p><strong>Directions:</strong> Question 12 is based on the accompanying documents. The documents have been edited for the purpose of this exercise.</p>
<p><strong>Evaluate the extent to which the Progressive Era (1890&#8211;1920) changed the role of the federal government in the United States.</strong></p>
<sidebar render="required">
<hd><strong>Document 1</strong></hd>
<br/>Source: Reactions to Upton Sinclair&#8217;s Novel, <em>The Jungle</em>; 1906
<imggroup>
<img id="pA-57-001" src="./images/U01C01/pA-57-001.jpg" alt=""/>
<caption imgref="pA-57-001">&#x00A9; Picture Research Consultants &amp; Archives</caption>
<prodnote render="required"/>
<prodnote render="required"/>
</imggroup>
</sidebar>
<sidebar render="required">
<hd><strong>Document 2</strong></hd>
<p>Source: Argument to reduce women&#8217;s hours of work, <em>Muller v. Oregon</em>, The Brandeis Brief, 1908.</p>
<p>That woman&#8217;s physical structure and the performance of maternal functions place her at a disadvantage in the struggle for subsistence is obvious. This is especially true when the burdens of motherhood are upon her. Even when they are not, by abundant testimony of the medical fraternity continuance for a long time on her feet at work, repeating this from day to day, tends to injurious effects upon the body, and, as healthy mothers are essential to vigorous offspring, the physical well-being of woman becomes an object of public interest and care in order to preserve the strength and vigor of the race.</p>
</sidebar>
<sidebar render="required">
<hd><strong>Document 3</strong></hd>
<p>Source: Theodore Roosevelt speaking about His Square Deal, August 31, 1910.</p>
<p>I stand for the square deal. But when I say that I am for the square deal, I mean not merely that I stand for fair play under the present rules of the game, but that I stand for having those rules changed so as to work for a more substantial equality of opportunity and of reward for equally good service. One word of warning, which, I think, is hardly necessary in Kansas. When I say I want a square deal for the poor man, I do not mean that I want a square deal for the man who remains poor because he has not got the energy to work for himself. If a man who has had a chance will not make good, then he has got to quit. And you men of the Grand Army, you want justice for the brave man who fought, and punishment for the coward who shirked his work. Is not that so?</p>
</sidebar>
<pagenum id="pa-58" page="special">A-58</pagenum>
<sidebar render="required">
<hd><strong>Document 4</strong></hd>
<p>Source: Jane Addams explains her participation in the presidential election of 1912.</p>
<p>&#8220;Why you are a Progressive?&#8221; Miss Addams was asked. &#8220;I went into the party, as I said at the time, because it was standing for many of the things I had been working for for years. The social reforms that I had been working for, and the legislation for women for which I had been working, is put at last into practical politics.&#8221;</p>
</sidebar>
<sidebar render="required">
<hd><strong>Document 5</strong></hd>
<p>Source: W. E. B. Du Bois, letter to Woodrow Wilson, March 1913 issue of <em>The Crisis.</em></p>
<p>[. . .]  We believe that the Negro problem is in many respects the greatest problem facing the nation, and we believe that you have the opportunity of beginning a just and righteous solution of this burning human wrong. This opportunity is yours because, while a Southerner in birth and tradition, you have escaped the provincial training of the South and you have not had burned into your soul desperate hatred and despising of your darker fellow men. [. . .]</p>
</sidebar>
<sidebar render="required">
<hd><strong>Document 6</strong></hd>
<p>Source: Transcript of Sixteenth Amendment to the U.S. Constitution: Federal Income Tax.</p>
<p><strong>ARTICLE XVI.</strong> The Congress shall have power to lay and collect taxes on incomes, from whatever source derived, without apportionment among the several States, and without regard to any census or enumeration.</p>
</sidebar>
<sidebar render="required">
<hd><strong>Document 7</strong></hd>
<br/>Source: Federal Reserve Act of 1913 creates twelve Regional Federal Reserve Banks.
<imggroup>
<img id="pA-58-001" src="./images/U01C01/pA-58-001.jpg" alt=""/>
<caption imgref="pA-58-001">Federal Reserve</caption>
<prodnote render="required"/>
<prodnote render="required"/>
</imggroup>
</sidebar>
</level3>
<pagenum id="pa-59" page="special">A-59</pagenum>
<level3 class="section" id="doc_sec013">
<h3><strong>DBQ 13</strong></h3>
<p><strong>Directions:</strong> Question 13 is based on the accompanying documents. The documents have been edited for the purpose of this exercise.</p>
<p><strong>Evaluate the relative importance of the long- and short-term effects of social and cultural changes in the United States between 1918 and 1930.</strong></p>
<sidebar render="required">
<hd><strong>Document 1</strong></hd>
<br/>Source: Clara Bow, Movie Star and &#8220;It&#8221; Girl
<imggroup>
<img id="pA-59-001" src="./images/U01C01/pA-59-001.jpg" alt=""/>
<caption imgref="pA-59-001">CinemaPhoto/Historical/Corbis</caption>
<prodnote render="required"/>
<prodnote render="required"/>
</imggroup>
</sidebar>
<sidebar render="required">
<hd><strong>Document 2</strong></hd>
<p>Source: Excerpt from <em>Babbit,</em>by Sinclair Lewis, 1922.</p>
<p>In Floral Heights and the other prosperous sections of Zenith, especially in the &#8220;young married set,&#8221; there were many women who had nothing to do. Though they had few servants, yet with gas stoves, electric ranges and dish-washers and vacuum cleaners, and tiled kitchen walls, their houses were so convenient that they had little housework, and much of their food came from bakeries and delicatessens. They had but two, one, or no children; and despite the myth that the Great War had made work respectable, their husbands objected to their &#8220;wasting time and getting a lot of crank ideas&#8221; in unpaid social work, and still more to their causing a rumor, by earning money, that they were not adequately supported. They worked perhaps two hours a day, and the rest of the time they ate chocolates, went to the motion-pictures, went window-shopping, went in gossiping twos and threes to card-parties, read magazines, thought timorously of the lovers who never appeared, and accumulated a splendid restlessness which they got rid of by nagging their husbands. The husbands nagged back.</p>
</sidebar>
<pagenum id="pa-60" page="special">A-60</pagenum>
<sidebar render="required">
<hd><strong>Document 3</strong></hd>
<br/>Source: &#8220;One Must Be Distinguished,&#8221; by Leslie Rogers, African American Newspaper, <em>The Chicago Defender,</em> March 31, 1923.
<imggroup>
<img id="pA-60-001" src="./images/U01C01/pA-60-001.jpg" alt=""/>
<caption imgref="pA-60-001">Chicago Defender Newspaper</caption>
<prodnote render="required"/>
<prodnote render="required"/>
</imggroup>
</sidebar>
<sidebar render="required">
<hd><strong>Document 4</strong></hd>
<br/>Source: <em>Flaming Youth,</em>at Loew&#8217;s State Theater, ad in<em> Los Angeles Times,</em> December 31, 1923.
<imggroup>
<img id="pA-60-002" src="./images/U01C01/pA-60-002.jpg" alt=""/>
<prodnote render="required"/>
<prodnote render="required"/>
</imggroup>
</sidebar>
<pagenum id="pa-61" page="special">A-61</pagenum>
<sidebar render="required">
<hd><strong>Document 5</strong></hd>
<p>Source: &#8220;I, Too,&#8221; by Langston Hughes, 1925.</p>
<p>I, too, sing America. I am the darker brother. They send me To eat in the kitchen When company comes, But I laugh, And eat well, And grow strong. Tomorrow I&#8217;ll sit at the table When company comes.&#x2026;<em></em></p>
</sidebar>
<sidebar render="required">
<hd><strong>Document 6</strong></hd>
<br/>Source: Charles Lindbergh, Before Flight Across Atlantic
<imggroup>
<img id="pA-61-001" src="./images/U01C01/pA-61-001.jpg" alt=""/>
<caption imgref="pA-61-001">&#x00A9; Picture Research Consultants &amp; Archives</caption>
<prodnote render="required"/>
<prodnote render="required"/>
</imggroup>
</sidebar>
<sidebar render="required">
<hd><strong>Document 7</strong></hd>
<br/>Source: Chicago mob boss Al Capone on the cover of <em>Time Magazine</em>
<imggroup>
<img id="pA-61-002" src="./images/U01C01/pA-61-002.jpg" alt=""/>
<caption imgref="pA-61-002">Hulton Archive/Getty Images</caption>
<prodnote render="required"/>
<prodnote render="required"/>
</imggroup>
</sidebar>
</level3>
<pagenum id="pa-62" page="special">A-62</pagenum>
<level3 class="section" id="doc_sec014">
<h3><strong>DBQ 14</strong></h3>
<p><strong>Directions:</strong> Question 14 is based on the accompanying documents. The documents have been edited for the purpose of this exercise.</p>
<p><strong>Evaluate the relative importance of the United States&#8217; involvement in the Second World War (1941&#8211;1945) as a cause of change in American politics and society. </strong></p>
<sidebar render="required">
<hd><strong>Document 1</strong></hd>
<p>Source: &#8220;Montreal Puts Negro Player on Spot,&#8221; <em>The Sporting News</em>, November 1, 1945.</p>
<p>In signing Jack Roosevelt Robinson&#x2026; Branch Rickey&#x2026; touched off a powder keg in the South, unstinted praise in Negro circles and northern conviction that the racial problem in baseball is as far from a satisfactory solution as ever.&#x2026; Robinson&#x2026; is reported to possess baseball abilities which, were he white, would make him eligible for a trial with, let us say, the Brooklyn Dodgers&#8217; Class B farm at Newport News, if he were six years younger.</p>
</sidebar>
<sidebar render="required">
<hd><strong>Document 2</strong></hd>
<p>Source: Winston Churchill&#8217;s &#8220;iron curtain&#8221; speech, March 5, 1946.</p>
<p>From Stettin in the Baltic to Trieste in the Adriatic, an iron curtain has descended across the Continent. Behind that line lie all the capitals of the ancient states of Central and Eastern Europe. Warsaw, Berlin, Prague, Vienna, Budapest, Belgrade, Bucharest and Sofia, all these famous cities and the populations around them lie in what I must call the Soviet sphere, and all are subject in one form or another, not only to Soviet influence but to a very high and, in many cases, increasing measure of control from Moscow. Athens alone&#8212;Greece with its immortal glories&#8212;is free to decide its future at an election under British, American and French observation. The Russian-dominated Polish Government has been encouraged to make enormous and wrongful inroads upon Germany, and mass expulsions of millions of Germans on a scale grievous and undreamed-of are now taking place. The Communist parties, which were very small in all these Eastern States of Europe, have been raised to pre-eminence and power far beyond their numbers and are seeking everywhere to obtain totalitarian control.</p>
</sidebar>
<sidebar render="required">
<hd><strong>Document 3</strong></hd>
<p>Source: The Marshall Plan, 1948.</p>
<p>It is already evident that, before the United States Government can proceed much further in its efforts to alleviate the situation and help start the European world on its way to recovery, there must be some agreement among the countries of Europe as to the requirements of the situation and the part those countries themselves will take in order to give proper effect to whatever action might be undertaken by this Government. The program should be a joint one, agreed to by a number, if not all European nations.</p>
<p>An essential part of any successful action on the part of the United States is an understanding on the part of the people of America of the character of the problem and the remedies to be applied. Political passion and prejudice should have no part. With foresight, and a willingness on the part of our people to face up to the vast responsibility which history has clearly placed upon our country, the difficulties I have outlined can and will be overcome.</p>
</sidebar>
<pagenum id="pa-63" page="special">A-63</pagenum>
<sidebar render="required">
<hd><strong>Document 4</strong></hd>
<br/>Source: Ship arriving in France, marking the arrival of 8,800 tons of wheat under the Marshall Plan.
<imggroup>
<img id="pA-63-001" src="./images/U01C01/pA-63-001.jpg" alt=""/>
<caption imgref="pA-63-001">AP Images</caption>
<prodnote render="required"/>
<prodnote render="required"/>
</imggroup>
</sidebar>
<sidebar render="required">
<hd><strong>Document 5</strong></hd>
<p>Source: Speech by Senator Joseph McCarthy, February 9, 1950.</p>
<p>The great difference between our western Christian world and the atheistic Communist world is not political, gentlemen, it is moral. For instance, the Marxian idea of confiscating the land and factories and running the entire economy as a single enterprise is momentous. Likewise, Lenin&#8217;s invention of the one-party police state as a way to make Marx&#8217;s idea work is hardly less momentous.</p>
<p>I have here in my hand a list of 205&#x2026; a list of names that were made known to the Secretary of State as being members of the Communist Party and who nevertheless are still working and shaping policy in the State Department.&#x2026;</p>
<p>As you know, very recently the Secretary of State proclaimed his loyalty to a man guilty of what has always been considered as the most abominable of all crimes&#8212;being a traitor to the people who gave him a position of great trust&#8212;high treason.&#x2026;</p>
</sidebar>
<sidebar render="required">
<hd><strong>Document 6</strong></hd>
<p>Source: Objectives from NSC Memorandum 68, 1950 (Containment).</p>
<list type="ol" enum="1" depth="1">
<li>Thus we must make ourselves strong, both in the way in which we affirm our values in the conduct of our national life, and in the development of our military and economic strength.</li>
<li>We must lead in building a successfully functioning political and economic system in the free world. It is only by practical affirmation, abroad as well as at home, of our essential values, that we can preserve our own integrity, in which lies the real frustration of the Kremlin design.</li>
<li>But beyond thus affirming our values our policy and actions must be such as to foster a fundamental change in the nature of the Soviet system, a change toward which the frustration of the design is the first and perhaps the most important step. Clearly it will not only be less costly but more effective if this change occurs to a maximum extent as a result of internal forces in Soviet society.</li>
</list>
</sidebar>
<pagenum id="pa-64" page="special">A-64</pagenum>
<sidebar render="required">
<hd><strong>Document 7</strong></hd>
<br/>Source: Public opinion, letter to President Truman regarding the Korean War, 1953.
<imggroup>
<img id="pA-64-001" src="./images/U01C01/pA-64-001.jpg" alt=""/>
<caption imgref="pA-64-001">Harry S. Truman Library and Museum</caption>
<prodnote render="required"/>
<prodnote render="required"/>
</imggroup>
</sidebar>
</level3>
<pagenum id="pa-65" page="special">A-65</pagenum>
<level3 class="section" id="doc_sec015">
<h3><strong>DBQ 15</strong></h3>
<p><strong>Directions:</strong> Question 15 is based on the accompanying documents. The documents have been edited for the purpose of this exercise.</p>
<p><strong>Evaluate the extent to which American politics and society changed from 1976 to 1992. </strong></p>
<sidebar render="required">
<hd><strong>Document 1</strong></hd>
<p>Source: Immigration Trends from Latin America, 1960&#8211;1990.</p>
<table frame="void" id="tbl_01">
<thead>
<tr>
<th>REGION AND COUNTRY OR AREA</th> 
<th>1990*</th> 
<th>1980*</th> 
<th>1970*</th> 
<th>1960*</th>
</tr>
</thead>
<tfoot>
<tr>
<td>* Indicates sample data.(NA) Not available. n.e.c. Not elsewhere classified.</td>
</tr>
</tfoot>
<tbody>
<tr>
<td>Central America</td> 
<td>5,431,992</td> 
<td>2,553,113</td>
<td>873,624</td> 
<td>624,851</td>
</tr>
<tr>
<td>Mexico</td>
<td>4,298,014</td> 
<td>2,199,221</td> 
<td>759,711</td> 
<td>575,902</td>
</tr>
<tr>
<td>Other Central America</td> 
<td>1,133,978</td> 
<td>353,892</td> 
<td>113,913</td> 
<td>48,949</td>
</tr>
<tr>
<td>Belize</td> 
<td>29,957</td> 
<td>14,436</td> 
<td>8,860</td> 
<td>2,780</td>
</tr>
<tr>
<td>Costa Rica</td> 
<td>43,530</td> 
<td>29,639</td> 
<td>16,691</td> 
<td>5,425</td>
</tr>
<td>El Salvador</td> 
<td>465,433</td> 
<td>94,447</td>
<td>15,717</td> 
<td>6,310</td>
<tr>
<td>Guatemala</td> 
<td>225,739</td> 
<td>63,073</td> 
<td>17,356</td> 
<td>5,381</td>
</tr>
<tr>
<td>Honduras</td> 
<td>108,923</td> 
<td>39,154</td> 
<td>19,118</td> 
<td>6,503</td>
</tr>
<tr>
<td>Nicaragua</td> 
<td>168,659</td> 
<td>44,166</td> 
<td>16,125</td> 
<td>9,474</td>
</tr>
<tr>
<td>Panama</td> 
<td>85,737</td> 
<td>60,740</td> 
<td>20,046</td> 
<td>13,076</td>
</tr>
<tr>
<td>Central America n.e.c.</td> 
<td>6,000</td> 
<td>8,237</td> 
<td>(NA)</td> 
<td>(NA)</td>
</tr>
<tr>
<td>South America</td> 
<td>1,037,497</td> 
<td>561,011</td> 
<td>255,238</td> 
<td>89,536</td>
</tr>
</tbody>
</table>
</sidebar>
<pagenum id="pa-66" page="special">A-66</pagenum>
<sidebar render="required">
<hd><strong>Document 2</strong></hd>
<p>Source: Equal Rights Amendment Proposal, 1972.</p>
<list type="ul" depth="1">
<li>Section 1. Equality of rights under the law shall not be denied or abridged by the United States or by any state on account of sex.</li>
<li>Section 2. The Congress shall have the power to enforce, by appropriate legislation, the provisions of this article.</li>
<li>Section 3. This amendment shall take effect two years after the date of ratification.</li>
</list>
</sidebar>
<sidebar render="required">
<hd><strong>Document 3</strong></hd>
<br/>Source: Iran hostage crisis protests, 1979.
<imggroup>
<img id="pA-66-001" src="./images/U01C01/pA-66-001.jpg" alt=""/>
<caption imgref="pA-66-001">University of Wisconsin-Madison</caption>
<prodnote render="required"/>
<prodnote render="required"/>
</imggroup>
</sidebar>
<sidebar render="required">
<hd><strong>Document 4</strong></hd>
<p>Source: Article regarding the Iran-Contra Affair, <em>New York Times</em>, 1987.</p>
<p>President Reagan authorizes Mr. McFarlane to make contact with Iran. Aug. 6: Mr. McFarlane briefs Mr. Reagan on the Israeli proposal to sale American anti-tank missiles to Iran through Israel. There is dispute on whether the President approved this sale. August: The President approves the shipment of arms by Israel to Iran, according to his initial statement to the Tower Commission. Later he says &#8220;&#8216;I don&#8217;t remember&#8221; when asked about approving the shipment. Aug. 20: Israel sends 96 TOW anti-tank missiles to Iran. Sept. 14: Israel sends 408 more TOW missiles to Iran. Mr. Weir is released the same day. Oct. 4: Islamic Holy War says it killed Mr. Buckley. His body is never found. November: Richard V. Secord, a retired Air Force major general, is deeply involved in setting up a supply operation for the contras under the name Airlift Project. He later testifies that the project&#8217;s money came from private donations and friendly foreign governments. Nov. 24&#8211;25: The C.I.A. arranges for a shipment of 18 Hawk anti-aircraft missiles from Israel to Iran aboard a C.I.A. front company plane. Iran rejects the missiles within days after test firing one of them and finding that they do not meet Iran&#8217;s requirements. Later, some of the American officials involved in arranging the flight said they thought the plane carried oil-drilling parts, not weapons.</p>
</sidebar>
<pagenum id="pa-67" page="special">A-67</pagenum>
<sidebar render="required">
<hd><strong>Document 5</strong></hd>
<br/>Source: President Ronald Reagan Meets Gorbechev in the Soviet Union
<imggroup>
<img id="pA-67-001" src="./images/U01C01/pA-67-001.jpg" alt=""/>
<caption imgref="pA-67-001">&#x00A9; Bettmann/Corbis</caption>
<prodnote render="required"/>
<prodnote render="required"/>
</imggroup>
</sidebar>
<pagenum id="pa-68" page="special">A-68</pagenum>
<sidebar render="required">
<hd><strong>Document 6</strong></hd>
<br/>Source: Fall of the Berlin Wall
<imggroup>
<img id="pA-68-001" src="./images/U01C01/pA-68-001.jpg" alt=""/>
<caption imgref="pA-68-001">&#x00A9; AP Images/Lionel Cironneau</caption>
<prodnote render="required"/>
<prodnote render="required"/>
</imggroup>
</sidebar>
<sidebar render="required">
<hd><strong>Document 7</strong></hd>
<p>Source: President H. W. Bush speech on the Americans with Disabilities Act, 1990.</p>
<p>. . . This is an immensely important day, a day that belongs to all of you. Everywhere I look, I see people who have dedicated themselves to making sure that this day would come to pass: my friends from Congress, as I say, who worked so diligently with the best interest of all at heart, Democrats and Republicans; members of this administration&#8212;and I&#8217;m pleased to see so many top officials and members of my Cabinet here today who brought their caring and expertise to this fight; and then, the organizations&#8212;so many dedicated organizations for people with disabilities, who gave their time and their strength; and perhaps most of all, everyone out there and others&#8212;across the breadth of this nation are 43 million Americans with disabilities. You have made this happen. All of you have made this happen. To all of you, I just want to say your triumph is that your bill will now be law, and that this day belongs to you. On behalf of our nation, thank you very, very much.</p>
</sidebar>
<pagenum id="pa-69" page="special">A-69</pagenum>
</level3>
</level2>
<level2 id="doc_sec002">
<h2><strong>Long Essay Questions (LEQs)</strong></h2>
<level3 class="section" id="doc_sec016">
<h3><strong>DIRECTIONS ON ANSWERING LONG ESSAY QUESTIONS</strong></h3>
<p>In your response you should do the following.</p>
<list type="ul" depth="1">
<p>___________________________________________________________________________________________________</p>
<li><strong>Thesis:</strong> Presents a thesis that responds to the prompt with a historically defensible claim that establishes a line of reasoning rather than merely restating or rephrasing the prompt. The thesis must consist of one or more sentences located in one place, either in the introduction or the conclusion.</li>
<p>___________________________________________________________________________________________________</p>
<li><strong>Contextualization:</strong> Describes a broader historical context relevant to the prompt. The response must relate the topic of the prompt to broader historical events, developments, or processes that occur before, during, or after the time frame of the question. This point is not awarded for merely a phrase or reference.</li>
<p>___________________________________________________________________________________________________</p>
<li><strong>Evidence:</strong> Provides the specific examples of evidence relevant to the topic of the prompt and use these relevant examples to support an argument in response to the prompt.</li>
<p>___________________________________________________________________________________________________</p>
<li><strong>Analysis and Reasoning:</strong> Uses historical reasoning (e.g., comparison, causation, continuity and change over time) to frame or structure an argument that addresses the prompt and demonstrates a complex understanding of the historical development that is the focus of the prompt, using evidence to corroborate, qualify, or modify an argument that addresses the question. This understanding must be part of the argument, not merely a phrase or reference.</li>
</list>
<p><strong>Part 1: Creating a &#8220;New World&#8221; in the Americas, 1491&#8211;1607</strong></p>
<list type="ol" enum="1" depth="1">
<li>Evaluate the extent to which the Columbian Exchange caused the development of a caste system in the Americas from 1491 to 1607.</li>
</list>
<p><strong>Part 2: From English Settlements to American Societies, 1607&#8211;1754</strong></p>
<list type="ol" enum="1" depth="1" start="2">
<li>Compare and contrast events in the time period 1607&#8211;1754 that influenced growth and conflict in British American colonies.</li>
</list>
<p><strong>Part 3: From Colonies to Nation, 1754&#8211;1800</strong></p>
<list type="ol" enum="1" depth="1" start="3">
<li>Evaluate the extent to which the meaning of independence in the United States, changed from 1754 to 1800.</li>
<li>Compare and contrast political rule in colonial British America and the development of a sovereign United States in the period from 1754 to 1800.</li>
</list>
<p><strong>Part 4: New Systems: Economics, Politics, and Society, 1800&#8211;1848</strong></p>
<list type="ol" enum="1" depth="1" start="5">
<li>Evaluate the extent to which westward expansion in the United States fostered change in national identity from 1800 to 1848.</li>
<li>Evaluate the extent to which politics in the early republic and the Age of Jackson caused political divisions in the United States from 1800 to 1848.</li>
</list>
<pagenum id="pa-70" page="special">A-70</pagenum>
<p><strong>Part 5: Sectional Crisis and National Rebirth, 1844&#8211;1877</strong></p>
<list type="ol" enum="1" depth="1" start="7">
<li>Evaluate the extent to which sectional conflicts from 1846 to 1861 caused the Civil War.</li>
<li>Compare and contrast how competing visions for the future between the North and the South affected American politics and society from 1865 to 1877.</li>
</list>
<p><strong>Part 6: Industrialization, Urbanization, Immigration, and the Development of the West, 1865&#8211;1898</strong></p>
<list type="ol" enum="1" depth="1" start="9">
<li>Evaluate the extent to which industrialization caused the United States to assume a more prominent role in the world from 1865 to 1914.</li>
<li>Evaluate the extent to which the Gilded Age changed politics and society in the United States from 1865 to 1900.</li>
</list>
<p><strong>Part 7: Origins of the &#8220;American Century,&#8221; 1890&#8211;1945</strong></p>
<list type="ol" enum="1" depth="1" start="11">
<li>Compare and contrast the American economy during the Progressive Era (1900&#8211;1920) and the Roaring Twenties (1920&#8211;1929) from 1890 to 1929.</li>
<li>Evaluate the short- and long-term effects of American involvement in World War I. Confine your response to the period from 1919 to 1941.</li>
</list>
<p><strong>Part 8: Liberalism and Cold War America, 1945&#8211;1980</strong></p>
<list type="ol" enum="1" depth="1" start="13">
<li>Evaluate the extent to which that status of women changed in the United States from 1945 to 1989.</li>
<li>Evaluate the extent to which the U.S. policy of containment during the Cold War changed from 1945 to 1989.</li>
</list>
<p><strong>Part 9: American Globalism and New Challenges, 1980&#8211;Present</strong></p>
<list type="ol" enum="1" depth="1" start="15">
<li>Evaluate the extent to which new economic policies helped foster change in national identity in the United States from 1980 to the present.</li>
</list>
</level3>
</level2>
</level1>
</bodymatter>
</book>
</dtbook>
